id,first_name,last_name,email,gender
1,Noemi,Pragnell,npragnell0@newsvine.com,Female
2,Agnes,Asbery,aasbery1@dagondesign.com,Female
3,Ali,Chafney,achafney2@nature.com,Genderqueer
4,Kip,Rippingale,krippingale3@dot.gov,Male
5,Jeramie,Schurig,jschurig4@dion.ne.jp,Male
6,Roldan,Adrianello,radrianello5@ucoz.ru,Male
7,Field,Chavez,fchavez6@imgur.com,Male
8,Inger,Acum,iacum7@timesonline.co.uk,Male
9,Jesus,Bignal,jbignal8@prweb.com,Male
10,Bondy,Brosius,bbrosius9@gmpg.org,Male
11,Isobel,Fontaine,ifontainea@technorati.com,Female
12,Esra,Cardnell,ecardnellb@wordpress.com,Male
13,Gretna,Nethercott,gnethercottc@w3.org,Female
14,Addie,Dumigan,adumigand@yellowpages.com,Male
15,Christoph,Tschirasche,ctschiraschee@fc2.com,Male
16,Marlena,Zanni,mzannif@fema.gov,Female
17,Lou,Foreman,lforemang@redcross.org,Male
18,Ephrayim,Winchcomb,ewinchcombh@reddit.com,Male
19,Buck,Bruhn,bbruhni@histats.com,Male
20,Mathe,Peek,mpeekj@si.edu,Male
21,Joya,Klich,jklichk@sun.com,Female
22,Cammy,Samme,csammel@de.vu,Male
23,Ramon,Fountain,rfountainm@bing.com,Male
24,Abbey,O'Gleasane,aogleasanen@disqus.com,Male
25,Ade,Snartt,asnartto@dot.gov,Male
26,Neall,Arlidge,narlidgep@tripod.com,Male
27,Cammi,Fluin,cfluinq@twitter.com,Female
28,Loleta,Schultheiss,lschultheissr@msn.com,Female
29,Phil,Ferrant,pferrants@shutterfly.com,Female
30,Jayson,Skelhorn,jskelhornt@ask.com,Male
31,Kleon,Narducci,knarducciu@miibeian.gov.cn,Male
32,Cornall,Leschelle,cleschellev@bbc.co.uk,Male
33,Rockwell,Elcocks,relcocksw@hp.com,Male
34,Meggi,Bewsy,mbewsyx@surveymonkey.com,Female
35,Carola,Gabriel,cgabriely@last.fm,Female
36,Keriann,Penhalewick,kpenhalewickz@furl.net,Female
37,Claiborn,Van Arsdall,cvanarsdall10@baidu.com,Male
38,Oswald,Zanre,ozanre11@clickbank.net,Male
39,Sissie,Proske,sproske12@surveymonkey.com,Female
40,Paulita,Purton,ppurton13@ucla.edu,Female
41,Kylynn,Jennings,kjennings14@hud.gov,Female
42,Oates,Croyden,ocroyden15@ucoz.ru,Male
43,Ferris,Marsland,fmarsland16@lycos.com,Male
44,Krystal,Ciubutaro,kciubutaro17@deviantart.com,Non-binary
45,Peggy,Fendlen,pfendlen18@scientificamerican.com,Female
46,Quinn,Chevin,qchevin19@hao123.com,Male
47,Thomasina,Birmingham,tbirmingham1a@wikispaces.com,Female
48,Hadria,Fissenden,hfissenden1b@deliciousdays.com,Female
49,Averell,Brisley,abrisley1c@opera.com,Male
50,Quinn,Borrill,qborrill1d@bizjournals.com,Male
51,Drugi,Shreve,dshreve1e@jiathis.com,Male
52,Angel,Mattke,amattke1f@people.com.cn,Female
53,Abagael,Baigrie,abaigrie1g@icq.com,Female
54,Caroljean,Chilvers,cchilvers1h@bloglines.com,Female
55,Lamont,Healeas,lhealeas1i@youtu.be,Male
56,Ryann,Hacon,rhacon1j@timesonline.co.uk,Female
57,Brittni,Birwhistle,bbirwhistle1k@yellowpages.com,Female
58,Bethany,Elsey,belsey1l@aol.com,Female
59,Renaud,Arro,rarro1m@umich.edu,Male
60,Tiffani,Baruch,tbaruch1n@economist.com,Female
61,Randi,Peaddie,rpeaddie1o@digg.com,Female
62,Ogden,Dashwood,odashwood1p@liveinternet.ru,Male
63,Vivian,Ruecastle,vruecastle1q@mapquest.com,Female
64,Neil,Dalliston,ndalliston1r@github.io,Male
65,Rosanne,Persitt,rpersitt1s@flavors.me,Female
66,Beltran,Barwack,bbarwack1t@epa.gov,Male
67,Julianne,Trees,jtrees1u@amazon.com,Bigender
68,Ivory,Cowerd,icowerd1v@whitehouse.gov,Non-binary
69,Dolph,Bolter,dbolter1w@posterous.com,Male
70,Robinet,Bengal,rbengal1x@wsj.com,Female
71,Simeon,Elstone,selstone1y@ebay.co.uk,Male
72,Fionna,Caley,fcaley1z@statcounter.com,Female
73,Bernardine,Lusher,blusher20@slate.com,Female
74,Sasha,Colliss,scolliss21@wikia.com,Female
75,Wally,Furmage,wfurmage22@hexun.com,Male
76,Dudley,Vlahos,dvlahos23@tumblr.com,Male
77,Dane,Henfre,dhenfre24@goodreads.com,Male
78,Avrit,Jansema,ajansema25@smugmug.com,Female
79,Bartram,Milan,bmilan26@patch.com,Male
80,Beatrice,Gadeaux,bgadeaux27@ovh.net,Female
81,Linnea,McQuaide,lmcquaide28@hp.com,Female
82,Vinnie,Mattek,vmattek29@comsenz.com,Female
83,Annamaria,Gilleon,agilleon2a@woothemes.com,Female
84,Gregorius,Kemball,gkemball2b@time.com,Male
85,Dannye,Fitzsimons,dfitzsimons2c@pcworld.com,Polygender
86,Donelle,Kohn,dkohn2d@flickr.com,Female
87,Lew,Corssen,lcorssen2e@unc.edu,Male
88,Diahann,Enos,denos2f@nbcnews.com,Female
89,Torre,Buntine,tbuntine2g@a8.net,Male
90,Hurlee,Southan,hsouthan2h@nydailynews.com,Non-binary
91,Arliene,Eich,aeich2i@merriam-webster.com,Female
92,Rebe,Gruczka,rgruczka2j@macromedia.com,Female
93,Jillene,Bly,jbly2k@zdnet.com,Polygender
94,Gilbert,Oxbrough,goxbrough2l@jigsy.com,Male
95,Babbette,Roote,broote2m@slate.com,Female
96,Thorin,De Filippis,tdefilippis2n@fastcompany.com,Male
97,Audre,Zealander,azealander2o@china.com.cn,Female
98,Decca,Bahls,dbahls2p@independent.co.uk,Male
99,Bard,Abelwhite,babelwhite2q@issuu.com,Male
100,Emerson,Gatland,egatland2r@indiatimes.com,Male
